0/0000	train
0/0000	val
0/0001.png	test
0/0002.png	test
0/0003.png	test
0/0004.png	test
0/0005.png	test
0/0006.png	test
0/0007.png	test
0/0008.png	test
0/0009.png	test
0/0010.png	test
0/0011.png	test
0/0012.png	test
0/0013.png	test
0/0014.png	test
0/0015.png	test
0/0016.png	test
0/0017.png	test
0/0018.png	test
0/0019.png	test
0/0020.png	test
0/0021.png	test
0/0022.png	test
0/0023.png	test
0/0024.png	test
0/0025.png	test
0/0026.png	test
0/0027.png	test
0/0028.png	test
0/0029.png	test
0/0030.png	test
0/0031.png	test
0/0032.png	test
0/0033.png	test
0/0034.png	test
0/0035.png	test
0/0036.png	test
0/0037.png	test
0/0038.png	test
0/0039.png	test
0/0040.png	test
0/0041.png	test
0/0042.png	test
0/0043.png	test
0/0044.png	test
0/0045.png	test
0/0046.png	test
0/0047.png	test
0/0048.png	test
0/0049.png	test
0/0050.png	test
0/0051.png	test
0/0052.png	test
0/0053.png	test
0/0054.png	test
0/0055.png	test
0/0056.png	test
0/0057.png	test
0/0058.png	test
0/0059.png	test
0/0060.png	test
0/0061.png	test
0/0062.png	test
0/0063.png	test
0/0064.png	test
0/0065.png	test
0/0066.png	test
0/0067.png	test
0/0068.png	test
0/0069.png	test
0/0070.png	test
0/0071.png	test
0/0072.png	test
0/0073.png	test
0/0074.png	test
0/0075.png	test
0/0076.png	test
0/0077.png	test
0/0078.png	test
0/0079.png	test
0/0080.png	test
0/0081.png	test
0/0082.png	test
0/0083.png	test
0/0084.png	test
0/0085.png	test
0/0086.png	test
0/0087.png	test
0/0088.png	test
0/0089.png	test
0/0090.png	test
0/0091.png	test
0/0092.png	test
0/0093.png	test
0/0094.png	test
0/0095.png	test
0/0096.png	test
0/0097.png	test
0/0098.png	test
0/0099.png	test
0/0100.png	test
0/0101.png	test
0/0102.png	test
0/0103.png	test
0/0104.png	test
0/0105.png	test
0/0106.png	test
0/0107.png	test
0/0108.png	test
0/0109.png	test
0/0110.png	test
0/0111.png	test
0/0112.png	test
0/0113.png	test
0/0114.png	test
0/0115.png	test
0/0116.png	test
0/0117.png	test
0/0118.png	test
0/0119.png	test
0/0120.png	test
0/0121.png	test
0/0122.png	test
0/0123.png	test
0/0124.png	test
0/0125.png	test
0/0126.png	test
0/0127.png	test
0/0128.png	test
0/0129.png	test
0/0130.png	test
0/0131.png	test
0/0132.png	test
0/0133.png	test
0/0134.png	test
0/0135.png	test
0/0136.png	test
0/0137.png	test
0/0138.png	test
0/0139.png	test
0/0140.png	test
0/0141.png	test
0/0142.png	test
0/0143.png	test
0/0144.png	test
0/0145.png	test
0/0146.png	test
0/0147.png	test
0/0148.png	test
0/0149.png	test
0/0150.png	test
0/0151.png	test
0/0152.png	test
0/0153.png	test
0/0154.png	test
0/0155.png	test
0/0156.png	test
0/0157.png	test
0/0158.png	test
0/0159.png	test
0/0160.png	test
0/0161.png	test
0/0162.png	test
0/0163.png	test
0/0164.png	test
0/0165.png	test
0/0166.png	test
0/0167.png	test
0/0168.png	test
0/0169.png	test
0/0170.png	test
0/0171.png	test
0/0172.png	test
0/0173.png	test
0/0174.png	test
0/0175.png	test
0/0176.png	test
0/0177.png	test
0/0178.png	test
0/0179.png	test
0/0180.png	test
0/0181.png	test
0/0182.png	test
0/0183.png	test
0/0184.png	test
0/0185.png	test
0/0186.png	test
0/0187.png	test
0/0188.png	test
0/0189.png	test
0/0190.png	test
0/0191.png	test
0/0192.png	test
0/0193.png	test
0/0194.png	test
0/0195.png	test
0/0196.png	test
0/0197.png	test
0/0198.png	test
0/0199.png	test
0/0200.png	test
0/0201.png	test
0/0202.png	test
0/0203.png	test
0/0204.png	test
0/0205.png	test
0/0206.png	test
0/0207.png	test
0/0208.png	test
0/0209.png	test
0/0210.png	test
0/0211.png	test
0/0212.png	test
0/0213.png	test
0/0214.png	test
0/0215.png	test
0/0216.png	test
0/0217.png	test
0/0218.png	test
0/0219.png	test
0/0220.png	test
0/0221.png	test
0/0222.png	test
0/0223.png	test
0/0224.png	test
0/0225.png	test
0/0226.png	test
0/0227.png	test
0/0228.png	test
0/0229.png	test
0/0230.png	test
0/0231.png	test
0/0232.png	test
0/0233.png	test
0/0234.png	test
0/0235.png	test
0/0236.png	test
0/0237.png	test
0/0238.png	test
0/0239.png	test
0/0240.png	test
0/0241.png	test
0/0242.png	test
0/0243.png	test
0/0244.png	test
0/0245.png	test
0/0246.png	test
0/0247.png	test
0/0248.png	test
0/0249.png	test
0/0250.png	test
0/0251.png	test
0/0252.png	test
0/0253.png	test
0/0254.png	test
0/0255.png	test
0/0256.png	test
0/0257.png	test
0/0258.png	test
0/0259.png	test
0/0260.png	test
0/0261.png	test
0/0262.png	test
0/0263.png	test
0/0264.png	test
0/0265.png	test
0/0266.png	test
0/0267.png	test
0/0268.png	test
0/0269.png	test
0/0270.png	test
0/0271.png	test
0/0272.png	test
0/0273.png	test
0/0274.png	test
0/0275.png	test
0/0276.png	test
0/0277.png	test
0/0278.png	test
0/0279.png	test
0/0280.png	test
0/0281.png	test
0/0282.png	test
0/0283.png	test
0/0284.png	test
0/0285.png	test
0/0286.png	test
0/0287.png	test
0/0288.png	test
0/0289.png	test
0/0290.png	test
0/0291.png	test
0/0292.png	test
0/0293.png	test
0/0294.png	test
0/0295.png	test
0/0296.png	test
0/0297.png	test
0/0298.png	test
0/0299.png	test
0/0300.png	test
0/0301.png	test
0/0302.png	test
0/0303.png	test
0/0304.png	test
0/0305.png	test
0/0306.png	test
0/0307.png	test
0/0308.png	test
0/0309.png	test
0/0310.png	test
0/0311.png	test
0/0312.png	test
0/0313.png	test
0/0314.png	test
0/0315.png	test
0/0316.png	test
0/0317.png	test
0/0318.png	test
0/0319.png	test
0/0320.png	test
0/0321.png	test
0/0322.png	test
0/0323.png	test
0/0324.png	test
0/0325.png	test
0/0326.png	test
0/0327.png	test
0/0328.png	test
0/0329.png	test
0/0330.png	test
0/0331.png	test
0/0332.png	test
0/0333.png	test
0/0334.png	test
0/0335.png	test
0/0336.png	test
0/0337.png	test
0/0338.png	test
0/0339.png	test
0/0340.png	test
0/0341.png	test
0/0342.png	test
0/0343.png	test
0/0344.png	test
0/0345.png	test
0/0346.png	test
0/0347.png	test
0/0348.png	test
0/0349.png	test
0/0350.png	test
0/0351.png	test
0/0352.png	test
0/0353.png	test
0/0354.png	test
0/0355.png	test
0/0356.png	test
0/0357.png	test
0/0358.png	test
0/0359.png	test
0/0360.png	test
0/0361.png	test
0/0362.png	test
0/0363.png	test
0/0364.png	test
0/0365.png	test
0/0366.png	test
0/0367.png	test
0/0368.png	test
0/0369.png	test
0/0370.png	test
0/0371.png	test
0/0372.png	test
0/0373.png	test
0/0374.png	test
0/0375.png	test
0/0376.png	test
0/0377.png	test
0/0378.png	test
0/0379.png	test
0/0380.png	test
0/0381.png	test
0/0382.png	test
0/0383.png	test
0/0384.png	test
0/0385.png	test
0/0386.png	test
0/0387.png	test
0/0388.png	test
0/0389.png	test
0/0390.png	test
0/0391.png	test
0/0392.png	test
0/0393.png	test
0/0394.png	test
0/0395.png	test
0/0396.png	test
0/0397.png	test
0/0398.png	test
0/0399.png	test
0/0400.png	test
0/0401.png	test
0/0402.png	test
0/0403.png	test
0/0404.png	test
0/0405.png	test
0/0406.png	test
0/0407.png	test
0/0408.png	test
0/0409.png	test
0/0410.png	test
0/0411.png	test
0/0412.png	test
0/0413.png	test
0/0414.png	test
0/0415.png	test
0/0416.png	test
0/0417.png	test
0/0418.png	test
0/0419.png	test
0/0420.png	test
0/0421.png	test
0/0422.png	test
0/0423.png	test
0/0424.png	test
0/0425.png	test
0/0426.png	test
0/0427.png	test
0/0428.png	test
0/0429.png	test
0/0430.png	test
0/0431.png	test
0/0432.png	test
0/0433.png	test
0/0434.png	test
0/0435.png	test
0/0436.png	test
0/0437.png	test
0/0438.png	test
0/0439.png	test
0/0440.png	test
0/0441.png	test
0/0442.png	test
0/0443.png	test
0/0444.png	test
0/0445.png	test
0/0446.png	test
0/0447.png	test
0/0448.png	test
0/0449.png	test
0/0450.png	test
0/0451.png	test
0/0452.png	test
0/0453.png	test
0/0454.png	test
0/0455.png	test
0/0456.png	test
0/0457.png	test
0/0458.png	test
0/0459.png	test
0/0460.png	test
0/0461.png	test
0/0462.png	test
0/0463.png	test
0/0464.png	test
0/0465.png	test
0/0466.png	test
0/0467.png	test
0/0468.png	test
0/0469.png	test
0/0470.png	test
0/0471.png	test
0/0472.png	test
0/0473.png	test
0/0474.png	test
0/0475.png	test
0/0476.png	test
0/0477.png	test
0/0478.png	test
0/0479.png	test
0/0480.png	test
0/0481.png	test
0/0482.png	test
0/0483.png	test
0/0484.png	test
0/0485.png	test
0/0486.png	test
0/0487.png	test
0/0488.png	test
0/0489.png	test
0/0490.png	test
0/0491.png	test
0/0492.png	test
0/0493.png	test
0/0494.png	test
0/0495.png	test
0/0496.png	test
0/0497.png	test
0/0498.png	test
0/0499.png	test
0/0500.png	test
0/0501.png	test
0/0502.png	test
0/0503.png	test
0/0504.png	test
0/0505.png	test
0/0506.png	test
0/0507.png	test
0/0508.png	test
0/0509.png	test
0/0510.png	test
0/0511.png	test
0/0512.png	test
0/0513.png	test
0/0514.png	test
0/0515.png	test
0/0516.png	test
0/0517.png	test
0/0518.png	test
0/0519.png	test
0/0520.png	test
0/0521.png	test
0/0522.png	test
0/0523.png	test
0/0524.png	test
0/0525.png	test
0/0526.png	test
0/0527.png	test
0/0528.png	test
0/0529.png	test
0/0530.png	test
0/0531.png	test
0/0532.png	test
0/0533.png	test
0/0534.png	test
0/0535.png	test
0/0536.png	test
0/0537.png	test
0/0538.png	test
0/0539.png	test
0/0540.png	test
0/0541.png	test
0/0542.png	test
0/0543.png	test
0/0544.png	test
0/0545.png	test
0/0546.png	test
0/0547.png	test
0/0548.png	test
0/0549.png	test
0/0550.png	test
0/0551.png	test
0/0552.png	test
0/0553.png	test
0/0554.png	test
0/0555.png	test
0/0556.png	test
0/0557.png	test
0/0558.png	test
0/0559.png	test
0/0560.png	test
0/0561.png	test
0/0562.png	test
0/0563.png	test
0/0564.png	test
0/0565.png	test
0/0566.png	test
0/0567.png	test
0/0568.png	test
0/0569.png	test
0/0570.png	test
0/0571.png	test
0/0572.png	test
0/0573.png	test
0/0574.png	test
0/0575.png	test
0/0576.png	test
0/0577.png	test
0/0578.png	test
0/0579.png	test
0/0580.png	test
0/0581.png	test
0/0582.png	test
0/0583.png	test
0/0584.png	test
0/0585.png	test
0/0586.png	test
0/0587.png	test
0/0588.png	test
0/0589.png	test
0/0590.png	test
0/0591.png	test
0/0592.png	test
0/0593.png	test
0/0594.png	test
0/0595.png	test
0/0596.png	test
0/0597.png	test
0/0598.png	test
0/0599.png	test
0/0600.png	test
0/0601.png	test
0/0602.png	test
0/0603.png	test
0/0604.png	test
0/0605.png	test
0/0606.png	test
0/0607.png	test
0/0608.png	test
0/0609.png	test
0/0610.png	test
0/0611.png	test
0/0612.png	test
0/0613.png	test
0/0614.png	test
0/0615.png	test
0/0616.png	test
0/0617.png	test
0/0618.png	test
0/0619.png	test
0/0620.png	test
0/0621.png	test
0/0622.png	test
0/0623.png	test
0/0624.png	test
0/0625.png	test
0/0626.png	test
0/0627.png	test
0/0628.png	test
0/0629.png	test
0/0630.png	test
0/0631.png	test
0/0632.png	test
0/0633.png	test
0/0634.png	test
0/0635.png	test
0/0636.png	test
0/0637.png	test
0/0638.png	test
0/0639.png	test
0/0640.png	test
0/0641.png	test
0/0642.png	test
0/0643.png	test
0/0644.png	test
0/0645.png	test
0/0646.png	test
0/0647.png	test
0/0648.png	test
0/0649.png	test
0/0650.png	test
0/0651.png	test
0/0652.png	test
0/0653.png	test
0/0654.png	test
0/0655.png	test
0/0656.png	test
0/0657.png	test
0/0658.png	test
0/0659.png	test
0/0660.png	test
0/0661.png	test
0/0662.png	test
0/0663.png	test
0/0664.png	test
0/0665.png	test
0/0666.png	test
0/0667.png	test
0/0668.png	test
0/0669.png	test
0/0670.png	test
0/0671.png	test
0/0672.png	test
0/0673.png	test
0/0674.png	test
0/0675.png	test
0/0676.png	test
0/0677.png	test
0/0678.png	test
0/0679.png	test
0/0680.png	test
0/0681.png	test
0/0682.png	test
0/0683.png	test
0/0684.png	test
0/0685.png	test
0/0686.png	test
0/0687.png	test
0/0688.png	test
0/0689.png	test
0/0690.png	test
0/0691.png	test
0/0692.png	test
0/0693.png	test
0/0694.png	test
0/0695.png	test
0/0696.png	test
0/0697.png	test
0/0698.png	test
0/0699.png	test
0/0700.png	test
0/0701.png	test
0/0702.png	test
0/0703.png	test
0/0704.png	test
0/0705.png	test
0/0706.png	test
0/0707.png	test
0/0708.png	test
0/0709.png	test
0/0710.png	test
0/0711.png	test
0/0712.png	test
0/0713.png	test
0/0714.png	test
0/0715.png	test
0/0716.png	test
0/0717.png	test
0/0718.png	test
0/0719.png	test
0/0720.png	test
0/0721.png	test
0/0722.png	test
0/0723.png	test
0/0724.png	test
0/0725.png	test
0/0726.png	test
0/0727.png	test
0/0728.png	test
0/0729.png	test
0/0730.png	test
0/0731.png	test
0/0732.png	test
0/0733.png	test
0/0734.png	test
0/0735.png	test
0/0736.png	test
0/0737.png	test
0/0738.png	test
0/0739.png	test
0/0740.png	test
0/0741.png	test
0/0742.png	test
0/0743.png	test
0/0744.png	test
0/0745.png	test
0/0746.png	test
0/0747.png	test
0/0748.png	test
0/0749.png	test
0/0750.png	test
0/0751.png	test
0/0752.png	test
0/0753.png	test
0/0754.png	test
0/0755.png	test
0/0756.png	test
0/0757.png	test
0/0758.png	test
0/0759.png	test
0/0760.png	test
0/0761.png	test
0/0762.png	test
0/0763.png	test
0/0764.png	test
0/0765.png	test
0/0766.png	test
0/0767.png	test
0/0768.png	test
0/0769.png	test
0/0770.png	test
0/0771.png	test
0/0772.png	test
0/0773.png	test
0/0774.png	test
0/0775.png	test
0/0776.png	test
0/0777.png	test
0/0778.png	test
0/0779.png	test
0/0780.png	test
0/0781.png	test
0/0782.png	test
0/0783.png	test
0/0784.png	test
0/0785.png	test
0/0786.png	test
0/0787.png	test
0/0788.png	test
0/0789.png	test
0/0790.png	test
0/0791.png	test
0/0792.png	test
0/0793.png	test
0/0794.png	test
0/0795.png	test
0/0796.png	test
0/0797.png	test
0/0798.png	test
0/0799.png	test
0/0800.png	test
0/0801.png	test
0/0802.png	test
0/0803.png	test
0/0804.png	test
0/0805.png	test
0/0806.png	test
0/0807.png	test
0/0808.png	test
0/0809.png	test
0/0810.png	test
0/0811.png	test
0/0812.png	test
0/0813.png	test
0/0814.png	test
0/0815.png	test
0/0816.png	test
0/0817.png	test
0/0818.png	test
0/0819.png	test
0/0820.png	test
0/0821.png	test
0/0822.png	test
0/0823.png	test
0/0824.png	test
0/0825.png	test
0/0826.png	test
0/0827.png	test
0/0828.png	test
0/0829.png	test
0/0830.png	test
0/0831.png	test
0/0832.png	test
0/0833.png	test
0/0834.png	test
0/0835.png	test
0/0836.png	test
0/0837.png	test
0/0838.png	test
0/0839.png	test
0/0840.png	test
0/0841.png	test
0/0842.png	test
0/0843.png	test
0/0844.png	test
0/0845.png	test
0/0846.png	test
0/0847.png	test
0/0848.png	test
0/0849.png	test
0/0850.png	test
0/0851.png	test
0/0852.png	test
0/0853.png	test
0/0854.png	test
0/0855.png	test
0/0856.png	test
0/0857.png	test
0/0858.png	test
0/0859.png	test
0/0860.png	test
0/0861.png	test
0/0862.png	test
0/0863.png	test
0/0864.png	test
0/0865.png	test
0/0866.png	test
0/0867.png	test
0/0868.png	test
0/0869.png	test
0/0870.png	test
0/0871.png	test
0/0872.png	test
0/0873.png	test
0/0874.png	test
0/0875.png	test
0/0876.png	test
0/0877.png	test
0/0878.png	test
0/0879.png	test
0/0880.png	test
0/0881.png	test
0/0882.png	test
0/0883.png	test
0/0884.png	test
0/0885.png	test
0/0886.png	test
0/0887.png	test
0/0888.png	test
0/0889.png	test
0/0890.png	test
0/0891.png	test
0/0892.png	test
0/0893.png	test
0/0894.png	test
0/0895.png	test
0/0896.png	test
0/0897.png	test
0/0898.png	test
0/0899.png	test
0/0900.png	test
0/0901.png	test
0/0902.png	test
0/0903.png	test
0/0904.png	test
0/0905.png	test
0/0906.png	test
0/0907.png	test
0/0908.png	test
0/0909.png	test
0/0910.png	test
0/0911.png	test
0/0912.png	test
0/0913.png	test
0/0914.png	test
0/0915.png	test
0/0916.png	test
0/0917.png	test
0/0918.png	test
0/0919.png	test
0/0920.png	test
0/0921.png	test
0/0922.png	test
0/0923.png	test
0/0924.png	test
0/0925.png	test
0/0926.png	test
0/0927.png	test
0/0928.png	test
0/0929.png	test
0/0930.png	test
0/0931.png	test
0/0932.png	test
0/0933.png	test
0/0934.png	test
0/0935.png	test
0/0936.png	test
0/0937.png	test
0/0938.png	test
0/0939.png	test
0/0940.png	test
0/0941.png	test
0/0942.png	test
0/0943.png	test
0/0944.png	test
0/0945.png	test
0/0946.png	test
0/0947.png	test
0/0948.png	test
0/0949.png	test
0/0950.png	test
0/0951.png	test
0/0952.png	test
0/0953.png	test
0/0954.png	test
0/0955.png	test
0/0956.png	test
0/0957.png	test
0/0958.png	test
0/0959.png	test
0/0960.png	test
0/0961.png	test
0/0962.png	test
0/0963.png	test
0/0964.png	test
0/0965.png	test
0/0966.png	test
0/0967.png	test
0/0968.png	test
0/0969.png	test
0/0970.png	test
0/0971.png	test
0/0972.png	test
0/0973.png	test
0/0974.png	test
0/0975.png	test
0/0976.png	test
0/0977.png	test
0/0978.png	test
0/0979.png	test
0/0980.png	test
0/0981.png	test
0/0982.png	test
0/0983.png	test
0/0984.png	test
0/0985.png	test
0/0986.png	test
0/0987.png	test
0/0988.png	test
0/0989.png	test
0/0990.png	test
0/0991.png	test
0/0992.png	test
0/0993.png	test
0/0994.png	test
0/0995.png	test
0/0996.png	test
0/0997.png	test
0/0998.png	test
0/0999.png	test
0/1000.png	test
0/1001.png	test
0/1002.png	test
0/1003.png	test
0/1004.png	test
0/1005.png	test
0/1006.png	test
0/1007.png	test
0/1008.png	test
0/1009.png	test
0/1010.png	test
0/1011.png	test
0/1012.png	test
0/1013.png	test
0/1014.png	test
0/1015.png	test
0/1016.png	test
0/1017.png	test
0/1018.png	test
0/1019.png	test
0/1020.png	test
0/1021.png	test
0/1022.png	test
0/1023.png	test
0/1024.png	test
0/1025.png	test
0/1026.png	test
0/1027.png	test
0/1028.png	test
0/1029.png	test
0/1030.png	test
0/1031.png	test
0/1032.png	test
0/1033.png	test
0/1034.png	test
0/1035.png	test
0/1036.png	test
0/1037.png	test
0/1038.png	test
0/1039.png	test
0/1040.png	test
0/1041.png	test
0/1042.png	test
0/1043.png	test
0/1044.png	test
0/1045.png	test
0/1046.png	test
0/1047.png	test
0/1048.png	test
0/1049.png	test
0/1050.png	test
0/1051.png	test
0/1052.png	test
0/1053.png	test
0/1054.png	test
0/1055.png	test
0/1056.png	test
0/1057.png	test
0/1058.png	test
0/1059.png	test
0/1060.png	test
0/1061.png	test
0/1062.png	test
0/1063.png	test
0/1064.png	test
0/1065.png	test
0/1066.png	test
0/1067.png	test
0/1068.png	test
0/1069.png	test
0/1070.png	test
0/1071.png	test
0/1072.png	test
0/1073.png	test
0/1074.png	test
0/1075.png	test
0/1076.png	test
0/1077.png	test
0/1078.png	test
0/1079.png	test
0/1080.png	test
0/1081.png	test
0/1082.png	test
0/1083.png	test
0/1084.png	test
0/1085.png	test
0/1086.png	test
0/1087.png	test
0/1088.png	test
0/1089.png	test
0/1090.png	test
0/1091.png	test
0/1092.png	test
0/1093.png	test
0/1094.png	test
0/1095.png	test
0/1096.png	test
0/1097.png	test
0/1098.png	test
0/1099.png	test
0/1100.png	test
0/1101.png	test
0/1102.png	test
0/1103.png	test
0/1104.png	test
0/1105.png	test
0/1106.png	test
0/1107.png	test
0/1108.png	test
0/1109.png	test
0/1110.png	test
0/1111.png	test
0/1112.png	test
0/1113.png	test
0/1114.png	test
0/1115.png	test
0/1116.png	test
0/1117.png	test
0/1118.png	test
0/1119.png	test
0/1120.png	test
0/1121.png	test
0/1122.png	test
0/1123.png	test
0/1124.png	test
0/1125.png	test
0/1126.png	test
0/1127.png	test
0/1128.png	test
0/1129.png	test
0/1130.png	test
0/1131.png	test
0/1132.png	test
0/1133.png	test
0/1134.png	test
0/1135.png	test
0/1136.png	test
0/1137.png	test
0/1138.png	test
0/1139.png	test
0/1140.png	test
0/1141.png	test
0/1142.png	test
0/1143.png	test
0/1144.png	test
0/1145.png	test
0/1146.png	test
0/1147.png	test
0/1148.png	test
0/1149.png	test
0/1150.png	test
0/1151.png	test
0/1152.png	test
0/1153.png	test
0/1154.png	test
0/1155.png	test
0/1156.png	test
0/1157.png	test
0/1158.png	test
0/1159.png	test
0/1160.png	test
0/1161.png	test
0/1162.png	test
0/1163.png	test
0/1164.png	test
0/1165.png	test
0/1166.png	test
0/1167.png	test
0/1168.png	test
0/1169.png	test
0/1170.png	test
0/1171.png	test
0/1172.png	test
0/1173.png	test
0/1174.png	test
0/1175.png	test
0/1176.png	test
0/1177.png	test
0/1178.png	test
0/1179.png	test
0/1180.png	test
0/1181.png	test
0/1182.png	test
0/1183.png	test
0/1184.png	test
0/1185.png	test
0/1186.png	test
0/1187.png	test
0/1188.png	test
0/1189.png	test
0/1190.png	test
0/1191.png	test
0/1192.png	test
0/1193.png	test
0/1194.png	test
0/1195.png	test
0/1196.png	test
0/1197.png	test
0/1198.png	test
0/1199.png	test
0/1200.png	test
0/1201.png	test
0/1202.png	test
0/1203.png	test
0/1204.png	test
0/1205.png	test
0/1206.png	test
0/1207.png	test
0/1208.png	test
0/1209.png	test
0/1210.png	test
0/1211.png	test
0/1212.png	test
0/1213.png	test
0/1214.png	test
0/1215.png	test
0/1216.png	test
0/1217.png	test
0/1218.png	test
0/1219.png	test
0/1220.png	test
0/1221.png	test
0/1222.png	test
0/1223.png	test
0/1224.png	test
0/1225.png	test
0/1226.png	test
0/1227.png	test
0/1228.png	test
0/1229.png	test
0/1230.png	test
0/1231.png	test
0/1232.png	test
0/1233.png	test
0/1234.png	test
0/1235.png	test
0/1236.png	test
0/1237.png	test
0/1238.png	test
0/1239.png	test
0/1240.png	test
0/1241.png	test
0/1242.png	test
0/1243.png	test
0/1244.png	test
0/1245.png	test
0/1246.png	test
0/1247.png	test
0/1248.png	test
0/1249.png	test
0/1250.png	test
0/1251.png	test
0/1252.png	test
0/1253.png	test
0/1254.png	test
0/1255.png	test
0/1256.png	test
0/1257.png	test
0/1258.png	test
0/1259.png	test
0/1260.png	test
0/1261.png	test
0/1262.png	test
0/1263.png	test
0/1264.png	test
0/1265.png	test
0/1266.png	test
0/1267.png	test
0/1268.png	test
0/1269.png	test
0/1270.png	test
0/1271.png	test
0/1272.png	test
0/1273.png	test
0/1274.png	test
0/1275.png	test
0/1276.png	test
0/1277.png	test
0/1278.png	test
0/1279.png	test
0/1280.png	test
0/1281.png	test
0/1282.png	test
0/1283.png	test
0/1284.png	test
0/1285.png	test
0/1286.png	test
0/1287.png	test
0/1288.png	test
0/1289.png	test
0/1290.png	test
0/1291.png	test
0/1292.png	test
0/1293.png	test
0/1294.png	test
0/1295.png	test
0/1296.png	test
0/1297.png	test
0/1298.png	test
0/1299.png	test
0/1300.png	test
0/1301.png	test
0/1302.png	test
0/1303.png	test
0/1304.png	test
0/1305.png	test
0/1306.png	test
0/1307.png	test
0/1308.png	test
0/1309.png	test
0/1310.png	test
0/1311.png	test
0/1312.png	test
0/1313.png	test
0/1314.png	test
0/1315.png	test
0/1316.png	test
0/1317.png	test
0/1318.png	test
0/1319.png	test
0/1320.png	test
0/1321.png	test
0/1322.png	test
0/1323.png	test
0/1324.png	test
0/1325.png	test
0/1326.png	test
0/1327.png	test
0/1328.png	test
0/1329.png	test
0/1330.png	test
0/1331.png	test
0/1332.png	test
0/1333.png	test
0/1334.png	test
0/1335.png	test
0/1336.png	test
0/1337.png	test
0/1338.png	test
0/1339.png	test
0/1340.png	test
0/1341.png	test
0/1342.png	test
0/1343.png	test
0/1344.png	test
0/1345.png	test
0/1346.png	test
0/1347.png	test
0/1348.png	test
0/1349.png	test
0/1350.png	test
0/1351.png	test
0/1352.png	test
0/1353.png	test
0/1354.png	test
0/1355.png	test
0/1356.png	test
0/1357.png	test
0/1358.png	test
0/1359.png	test
0/1360.png	test
0/1361.png	test
0/1362.png	test
0/1363.png	test
0/1364.png	test
0/1365.png	test
0/1366.png	test
0/1367.png	test
0/1368.png	test
0/1369.png	test
0/1370.png	test
0/1371.png	test
0/1372.png	test
0/1373.png	test
0/1374.png	test
0/1375.png	test
0/1376.png	test
0/1377.png	test
0/1378.png	test
0/1379.png	test
0/1380.png	test
0/1381.png	test
0/1382.png	test
0/1383.png	test
0/1384.png	test
0/1385.png	test
0/1386.png	test
0/1387.png	test
0/1388.png	test
0/1389.png	test
0/1390.png	test
0/1391.png	test
0/1392.png	test
0/1393.png	test
0/1394.png	test
0/1395.png	test
0/1396.png	test
0/1397.png	test
0/1398.png	test
0/1399.png	test
0/1400.png	test
0/1401.png	test
0/1402.png	test
0/1403.png	test
0/1404.png	test
0/1405.png	test
0/1406.png	test
0/1407.png	test
0/1408.png	test
0/1409.png	test
0/1410.png	test
0/1411.png	test
0/1412.png	test
0/1413.png	test
0/1414.png	test
0/1415.png	test
0/1416.png	test
0/1417.png	test
0/1418.png	test
0/1419.png	test
0/1420.png	test
0/1421.png	test
0/1422.png	test
0/1423.png	test
0/1424.png	test
0/1425.png	test
0/1426.png	test
0/1427.png	test
0/1428.png	test
0/1429.png	test
0/1430.png	test
0/1431.png	test
0/1432.png	test
0/1433.png	test
0/1434.png	test
0/1435.png	test
0/1436.png	test
0/1437.png	test
0/1438.png	test
0/1439.png	test
0/1440.png	test
0/1441.png	test
0/1442.png	test
0/1443.png	test
0/1444.png	test
0/1445.png	test
0/1446.png	test
0/1447.png	test
0/1448.png	test
0/1449.png	test
0/1450.png	test
0/1451.png	test
0/1452.png	test
0/1453.png	test
0/1454.png	test
0/1455.png	test
0/1456.png	test
0/1457.png	test
0/1458.png	test
0/1459.png	test
0/1460.png	test
0/1461.png	test
0/1462.png	test
0/1463.png	test
0/1464.png	test
0/1465.png	test
0/1466.png	test
0/1467.png	test
0/1468.png	test
0/1469.png	test
0/1470.png	test
0/1471.png	test
0/1472.png	test
0/1473.png	test
0/1474.png	test
0/1475.png	test
0/1476.png	test
0/1477.png	test
0/1478.png	test
0/1479.png	test
0/1480.png	test
0/1481.png	test
0/1482.png	test
0/1483.png	test
0/1484.png	test
0/1485.png	test
0/1486.png	test
0/1487.png	test
0/1488.png	test
0/1489.png	test
0/1490.png	test
0/1491.png	test
0/1492.png	test
0/1493.png	test
0/1494.png	test
0/1495.png	test
0/1496.png	test
0/1497.png	test
0/1498.png	test
0/1499.png	test
0/1500.png	test
0/1501.png	test
0/1502.png	test
0/1503.png	test
0/1504.png	test
0/1505.png	test
0/1506.png	test
0/1507.png	test
0/1508.png	test
0/1509.png	test
0/1510.png	test
0/1511.png	test
0/1512.png	test
0/1513.png	test
0/1514.png	test
0/1515.png	test
0/1516.png	test
0/1517.png	test
0/1518.png	test
0/1519.png	test
0/1520.png	test
0/1521.png	test
0/1522.png	test
0/1523.png	test
0/1524.png	test
0/1525.png	test
0/1526.png	test
0/1527.png	test
0/1528.png	test
0/1529.png	test
0/1530.png	test
0/1531.png	test
0/1532.png	test
0/1533.png	test
0/1534.png	test
0/1535.png	test
0/1536.png	test
0/1537.png	test
0/1538.png	test
0/1539.png	test
0/1540.png	test
0/1541.png	test
0/1542.png	test
0/1543.png	test
0/1544.png	test
0/1545.png	test
0/1546.png	test
0/1547.png	test
0/1548.png	test
0/1549.png	test
0/1550.png	test
0/1551.png	test
0/1552.png	test
0/1553.png	test
0/1554.png	test
0/1555.png	test
0/1556.png	test
0/1557.png	test
0/1558.png	test
0/1559.png	test
0/1560.png	test
0/1561.png	test
0/1562.png	test
0/1563.png	test
0/1564.png	test
0/1565.png	test
0/1566.png	test
0/1567.png	test
0/1568.png	test
0/1569.png	test
0/1570.png	test
0/1571.png	test
0/1572.png	test
0/1573.png	test
0/1574.png	test
0/1575.png	test
0/1576.png	test
0/1577.png	test
0/1578.png	test
0/1579.png	test
0/1580.png	test
0/1581.png	test
0/1582.png	test
0/1583.png	test
0/1584.png	test
0/1585.png	test
0/1586.png	test
0/1587.png	test
0/1588.png	test
0/1589.png	test
0/1590.png	test
0/1591.png	test
0/1592.png	test
0/1593.png	test
0/1594.png	test
0/1595.png	test
0/1596.png	test
0/1597.png	test
0/1598.png	test
0/1599.png	test
0/1600.png	test
0/1601.png	test
0/1602.png	test
0/1603.png	test
0/1604.png	test
0/1605.png	test
0/1606.png	test
0/1607.png	test
0/1608.png	test
0/1609.png	test
0/1610.png	test
0/1611.png	test
0/1612.png	test
0/1613.png	test
0/1614.png	test
0/1615.png	test
0/1616.png	test
0/1617.png	test
0/1618.png	test
0/1619.png	test
0/1620.png	test
0/1621.png	test
0/1622.png	test
0/1623.png	test
0/1624.png	test
0/1625.png	test
0/1626.png	test
0/1627.png	test
0/1628.png	test
0/1629.png	test
0/1630.png	test
0/1631.png	test
0/1632.png	test
0/1633.png	test
0/1634.png	test
0/1635.png	test
0/1636.png	test
0/1637.png	test
0/1638.png	test
0/1639.png	test
0/1640.png	test
0/1641.png	test
0/1642.png	test
0/1643.png	test
0/1644.png	test
0/1645.png	test
0/1646.png	test
0/1647.png	test
0/1648.png	test
0/1649.png	test
0/1650.png	test
0/1651.png	test
0/1652.png	test
0/1653.png	test
0/1654.png	test
0/1655.png	test
0/1656.png	test
0/1657.png	test
0/1658.png	test
0/1659.png	test
0/1660.png	test
0/1661.png	test
0/1662.png	test
0/1663.png	test
0/1664.png	test
0/1665.png	test
0/1666.png	test
0/1667.png	test
0/1668.png	test
0/1669.png	test
0/1670.png	test